[
    {
        "btitle": "The Lord of the Rings: The Fellowship of the Ring",
        "author": "J.R.R. Tolkien",
        "genre": "Fantasy",
        "description": "The first volume of the epic fantasy trilogy about the struggle to destroy the One Ring.",
        "image": "NewFindBooksPageImages/fellowshipOfTheRing.jpg",
        "short_desc": "Epic struggle in Middle-earth",
        "rdate": "1954-07-29",
        "pgct": 423,
        "lang": "English",
        "value": 9
    },
    {
        "btitle": "Harry Potter and the Sorcerer's Stone",
        "author": "J.K. Rowling",
        "genre": "Fantasy",
        "description": "The first book in the Harry Potter series, where a young wizard discovers his magical heritage.",
        "image": "NewFindBooksPageImages/harryPotterss.jpg",
        "short_desc": "Magical adventure and discovery",
        "rdate": "1997-06-26",
        "pgct": 309,
        "lang": "English",
        "value": 5
    },
    {
        "btitle": "Frankenstein",
        "author": "Mary Shelley",
        "genre": "Horror",
        "description": "A classic gothic novel about a scientist who creates a monstrous creature.",
        "image": "NewFindBooksPageImages/frankensteinBookCover.jpg",
        "short_desc": "Classic Gothic tale of creation and destruction",
        "rdate": "1818",
        "pgct": 280,
        "lang": "English",
        "value": 7
    },
    {
        "btitle": "Goosebumps: Night of the Living Dummy",
        "author": "R. L. Stine",
        "genre": "Horror",
        "description": "A spooky children's book where a ventriloquist dummy comes to life.",
        "image": "NewFindBooksPageImages/goosebumpsBookCover.webp",
        "short_desc": "Chilling children's horror story",
        "rdate": "1993",
        "pgct": 123,
        "lang": "English",
        "value": 3
    },
    {
        "btitle": "It",
        "author": "Stephen King",
        "genre": "Horror",
        "description": "A terrifying novel about an evil entity that takes the form of a clown to terrorize children.",
        "image": "NewFindBooksPageImages/itBookCover.jpg",
        "short_desc": "A chilling tale of childhood trauma and terror",
        "rdate": "1986",
        "pgct": 1138,
        "lang": "English",
        "value": 9
    },
    {
        "btitle": "Crime and Punishment",
        "author": "Fyodor Dostoevsky",
        "genre": "Mystery",
        "description": "A psychological novel about a student's moral struggle with crime and its punishment.",
        "image": "NewFindBooksPageImages/crimeAndPunishmentBookCover.jpeg",
        "short_desc": "Exploration of crime, guilt, and moral conflict",
        "rdate": "1866",
        "pgct": 671,
        "lang": "English",
        "value": 10
    },
    {
        "btitle": "Never Let Me Go",
        "author": "Kazuo Ishiguro",
        "genre": "Mystery",
        "description": "A dystopian novel that explores love, memory, and human nature.",
        "image": "NewFindBooksPageImages/neverLetMeGoBookCover.jpg",
        "short_desc": "An emotional exploration of human life and cloning",
        "rdate": "2005",
        "pgct": 288,
        "lang": "English",
        "value": 6
    },
    {
        "btitle": "Motherless Brooklyn",
        "author": "Jonathan Lethem",
        "genre": "Mystery",
        "description": "A detective novel narrated by a man with Tourette's Syndrome.",
        "image": "NewFindBooksPageImages/motherlessBrooklynBookCover.jpg",
        "short_desc": "A detective story with an unusual perspective",
        "rdate": "1999",
        "pgct": 368,
        "lang": "English",
        "value": 7
    },
    {
        "btitle": "Relativity",
        "author": "Albert Einstein",
        "genre": "Non Fiction",
        "description": "A book about Einstein's theory of relativity and its implications.",
        "image": "NewFindBooksPageImages/relativityBookCover.jpg",
        "short_desc": "The theory of relativity explained for the general reader",
        "rdate": "1916",
        "pgct": 90,
        "lang": "English",
        "value": 8
    },
    {
        "btitle": "On The Origin of Species",
        "author": "Charles Darwin",
        "genre": "Non Fiction",
        "description": "Darwin's groundbreaking work on the theory of evolution.",
        "image": "NewFindBooksPageImages/onTheOriginOfSpeciesBookCover.webp",
        "short_desc": "The origin and development of species",
        "rdate": "1859",
        "pgct": 502,
        "lang": "English",
        "value": 9
    },
    {
        "btitle": "No Longer Human",
        "author": "Osamu Dazai",
        "genre": "Young Adult",
        "description": "A deeply emotional portrayal of human struggle and isolation.",
        "image": "NewFindBooksPageImages/noLongerHumanBookCover.jpg",
        "short_desc": "A candid exploration of human anguish and societal norms",
        "rdate": "1948",
        "pgct": 240,
        "lang": "Japanese",
        "value": 8
    },
    {
        "btitle": "In The Miso Soup",
        "author": "Ryū Murakami",
        "genre": "Young Adult",
        "description": "A gritty novel about life in the underworld of Tokyo.",
        "image": "NewFindBooksPageImages/inTheMisoSoupBookCover.jpg",
        "short_desc": "An intense exploration of darkness in modern life",
        "rdate": "1997",
        "pgct": 224,
        "lang": "English",
        "value": 6
    },
    {
        "btitle": "The Song of Achilles",
        "author": "Madeline Miller",
        "genre": "Young Adult",
        "description": "A retelling of the Greek myth of Achilles and Patroclus.",
        "image": "NewFindBooksPageImages/songOfAchilliesBookCover.jpg",
        "short_desc": "A passionate, tragic story of love and war",
        "rdate": "2011",
        "pgct": 368,
        "lang": "English",
        "value": 7
    },
    {
        "btitle": "Dune",
        "author": "Frank Herbert",
        "genre": "Science Fiction",
        "description": "A science fiction epic set on a desert planet.",
        "image": "NewFindBooksPageImages/dune.jpg",
        "short_desc": "An intricate tale of politics, religion, and ecology",
        "rdate": "1965",
        "pgct": 412,
        "lang": "English",
        "value": 9
    },
    {
        "btitle": "Ender's Game",
        "author": "Orson Scott Card",
        "genre": "Science Fiction",
        "description": "A young boy's battle against a foreign race in space.",
        "image": "NewFindBooksPageImages/endersGame.jpeg",
        "short_desc": "A thrilling, psychological journey in space",
        "rdate": "1985",
        "pgct": 324,
        "lang": "English",
        "value": 7
    },
    {
        "btitle": "The Left Hand of Darkness",
        "author": "Ursula K. Le Guin",
        "genre": "Science Fiction",
        "description": "An exploration of gender and human society on an alien planet.",
        "image": "NewFindBooksPageImages/TLHOD.jpg",
        "short_desc": "A profound exploration of society and gender",
        "rdate": "1969",
        "pgct": 304,
        "lang": "English",
        "value": 8
    },
    {
        "btitle": "The Art Of War",
        "author": "Sun Tzu",
        "genre": "Non Fiction",
        "description": "An ancient Chinese military treatise on warfare strategy.",
        "image": "NewFindBooksPageImages/theArtOfWarBookCover.jpg",
        "short_desc": "Philosophical principles of warfare and conflict",
        "rdate": "2000",
        "pgct": 120,
        "lang": "English",
        "value": 6
    },
    {
        "btitle": "The Hobbit",
        "author": "J.R.R. Tolkien",
        "genre": "Fantasy",
        "description": "A prelude to 'The Lord of the Rings', this novel follows Bilbo Baggins' journey.",
        "image": "NewFindBooksPageImages/theHobbit.jpg",
        "short_desc": "The beginning of an epic Middle-earth adventure",
        "rdate": "1937",
        "pgct": 310,
        "lang": "English",
        "value": 5
    },


        {
            "btitle": "The Name of the Wind",
            "author": "Patrick Rothfuss",
            "genre": "Fantasy",
            "description": "The tale of Kvothe, a young man who grows into a legendary figure.",
            "image": "NewFindBooksPageImages/nameofwind.jpg",
            "short_desc": "A beautifully written epic of magic and music",
            "rdate": "2007",
            "pgct": 662,
            "lang": "English",
            "value": 10
        },
        {
            "btitle": "Pride and Prejudice",
            "author": "Jane Austen",
            "genre": "Romance",
            "description": "A timeless love story set against the backdrop of English high society.",
            "image": "NewFindBooksPageImages/PaP.jpg",
            "short_desc": "A witty and romantic critique of social class and relationships",
            "rdate": "1813",
            "pgct": 432,
            "lang": "English",
            "value": 8
        },
        {
            "btitle": "The Notebook",
            "author": "Nicholas Sparks",
            "genre": "Romance",
            "description": "A touching story of enduring love spanning decades.",
            "image": "NewFindBooksPageImages/theNotebook.jpg",
            "short_desc": "A heartwarming tale of love and devotion",
            "rdate": "1996",
            "pgct": 214,
            "lang": "English",
            "value": 7
        },
        {
            "btitle": "Me Before You",
            "author": "Jojo Moyes",
            "genre": "Romance",
            "description": "An emotionally gripping story of a caregiver and her quadriplegic patient.",
            "image": "NewFindBooksPageImages/MbY.jpg",
            "short_desc": "A poignant romance about choice and love",
            "rdate": "2012",
            "pgct": 369,
            "lang": "English",
            "value": 6
        }
    ]
    